Filename,Game Version,SHA1 Hash
avcodec-56.dll,1.4.3,7AEC5843CA48118C0F04A0283C958AD5158443C4
avformat-56.dll,1.4.3,48B90667397FDADC6E38801FBD65DBF753BC44F5
avutil-54.dll,1.4.3,B18C894777F8DBDC7C0B10D541B744CF3AAFCA65
game.kpf,1.4.3,6ECB38D797870373B0A7B42F80AC82CA3005AF12
movies\NightDive.avi,1.4.3,AE31374B04F4ADEC0B26B1136CA24F8EECB9D4CE
music\track01.ogg,1.4.3,76015AA27BD278A85E70E68DAD57E292DC845AA1
music\track02.ogg,1.4.3,80EE5C95B5A47B9B8B0574E116F4ECD2EFA1E231
music\track03.ogg,1.4.3,6343040661F64AA0BEC401F9AB46E53FEF85F2CC
music\track04.ogg,1.4.3,8F796643B7D97173079DE00F3C918D9EA0CA8D3C
music\track05.ogg,1.4.3,5874F96D7737ACF081A609860ED3B311A0CC6C98
music\track06.ogg,1.4.3,BE5BE7434C187C476EC2FF0A29DA13EA962F0434
music\track07.ogg,1.4.3,AE4A01B1103847FAB392E7BF8700FE7D546B439C
music\track08.ogg,1.4.3,4DC47A50F2A13B931D196A0A41563E585756D759
music\track09.ogg,1.4.3,4DD38BD04EFFD8EA386014976AC1F6EE98C204F3
music\track10.ogg,1.4.3,E600FE89023E79175A1CB73E2D35A6C8013C81DC
music\track11.ogg,1.4.3,EF22617CDA747E0CF2BA025C23EDBD101476EA47
music\track12.ogg,1.4.3,F270485E28316FCDB7D04AC04D97B6B4983241C4
music\track13.ogg,1.4.3,222D96DADDA213D9E79E16583B3E631822E4452B
music\track14.ogg,1.4.3,1F0F8323797A7D0BECCC0944E17C333E9D564B5F
OpenAL32.dll,1.4.3,FEBC44B139687703100473FC872ADEE339DD79B1
SDL2.dll,1.4.3,FB8B1BA166913C18EB00F8CA53439D0F4EE54359
sobek.exe,1.4.3,1380D52BA272299E4615933E1F7B5550EFAE45F9
splash\splash.bmp,1.4.3,030F94832BF5E4772FB99D1E0D57C7DB3768FCA7
steam_api.dll,1.4.3,C4BA8EF91B9F3712E83B54DDF24945E2C7FBED45
swresample-1.dll,1.4.3,F146D373BACCA68C7C4BF5490CCD79E1210FF0B6
swscale-3.dll,1.4.3,086513A34B51CC330C34F667DBF81B2D4A4C9AA5
avcodec-56.dll,1.4.3 Update #1,7AEC5843CA48118C0F04A0283C958AD5158443C4
avformat-56.dll,1.4.3 Update #1,48B90667397FDADC6E38801FBD65DBF753BC44F5
avutil-54.dll,1.4.3 Update #1,B18C894777F8DBDC7C0B10D541B744CF3AAFCA65
game.kpf,1.4.3 Update #1,365D671B23D1564864096CB5E8BDE79C857984C9
movies\NightDive.avi,1.4.3 Update #1,AE31374B04F4ADEC0B26B1136CA24F8EECB9D4CE
music\track01.ogg,1.4.3 Update #1,76015AA27BD278A85E70E68DAD57E292DC845AA1
music\track02.ogg,1.4.3 Update #1,80EE5C95B5A47B9B8B0574E116F4ECD2EFA1E231
music\track03.ogg,1.4.3 Update #1,6343040661F64AA0BEC401F9AB46E53FEF85F2CC
music\track04.ogg,1.4.3 Update #1,8F796643B7D97173079DE00F3C918D9EA0CA8D3C
music\track05.ogg,1.4.3 Update #1,5874F96D7737ACF081A609860ED3B311A0CC6C98
music\track06.ogg,1.4.3 Update #1,BE5BE7434C187C476EC2FF0A29DA13EA962F0434
music\track07.ogg,1.4.3 Update #1,AE4A01B1103847FAB392E7BF8700FE7D546B439C
music\track08.ogg,1.4.3 Update #1,4DC47A50F2A13B931D196A0A41563E585756D759
music\track09.ogg,1.4.3 Update #1,4DD38BD04EFFD8EA386014976AC1F6EE98C204F3
music\track10.ogg,1.4.3 Update #1,E600FE89023E79175A1CB73E2D35A6C8013C81DC
music\track11.ogg,1.4.3 Update #1,EF22617CDA747E0CF2BA025C23EDBD101476EA47
music\track12.ogg,1.4.3 Update #1,F270485E28316FCDB7D04AC04D97B6B4983241C4
music\track13.ogg,1.4.3 Update #1,222D96DADDA213D9E79E16583B3E631822E4452B
music\track14.ogg,1.4.3 Update #1,1F0F8323797A7D0BECCC0944E17C333E9D564B5F
OpenAL32.dll,1.4.3 Update #1,FEBC44B139687703100473FC872ADEE339DD79B1
SDL2.dll,1.4.3 Update #1,FB8B1BA166913C18EB00F8CA53439D0F4EE54359
sobek.exe,1.4.3 Update #1,3469037C0FFB131C0B854F79351A4B9BFA9792EC
splash\splash.bmp,1.4.3 Update #1,030F94832BF5E4772FB99D1E0D57C7DB3768FCA7
steam_api.dll,1.4.3 Update #1,C4BA8EF91B9F3712E83B54DDF24945E2C7FBED45
swresample-1.dll,1.4.3 Update #1,F146D373BACCA68C7C4BF5490CCD79E1210FF0B6
swscale-3.dll,1.4.3 Update #1,086513A34B51CC330C34F667DBF81B2D4A4C9AA5
avcodec-56.dll,1.4.6,7AEC5843CA48118C0F04A0283C958AD5158443C4
avformat-56.dll,1.4.6,48B90667397FDADC6E38801FBD65DBF753BC44F5
avutil-54.dll,1.4.6,B18C894777F8DBDC7C0B10D541B744CF3AAFCA65
game.kpf,1.4.6,4DB2E1EE273B2474EDA57376DB0158D10001D532
movies\NightDive.avi,1.4.6,AE31374B04F4ADEC0B26B1136CA24F8EECB9D4CE
music\track01.ogg,1.4.6,76015AA27BD278A85E70E68DAD57E292DC845AA1
music\track02.ogg,1.4.6,80EE5C95B5A47B9B8B0574E116F4ECD2EFA1E231
music\track03.ogg,1.4.6,6343040661F64AA0BEC401F9AB46E53FEF85F2CC
music\track04.ogg,1.4.6,8F796643B7D97173079DE00F3C918D9EA0CA8D3C
music\track05.ogg,1.4.6,5874F96D7737ACF081A609860ED3B311A0CC6C98
music\track06.ogg,1.4.6,BE5BE7434C187C476EC2FF0A29DA13EA962F0434
music\track07.ogg,1.4.6,AE4A01B1103847FAB392E7BF8700FE7D546B439C
music\track08.ogg,1.4.6,4DC47A50F2A13B931D196A0A41563E585756D759
music\track09.ogg,1.4.6,4DD38BD04EFFD8EA386014976AC1F6EE98C204F3
music\track10.ogg,1.4.6,E600FE89023E79175A1CB73E2D35A6C8013C81DC
music\track11.ogg,1.4.6,EF22617CDA747E0CF2BA025C23EDBD101476EA47
music\track12.ogg,1.4.6,F270485E28316FCDB7D04AC04D97B6B4983241C4
music\track13.ogg,1.4.6,222D96DADDA213D9E79E16583B3E631822E4452B
music\track14.ogg,1.4.6,1F0F8323797A7D0BECCC0944E17C333E9D564B5F
OpenAL32.dll,1.4.6,FEBC44B139687703100473FC872ADEE339DD79B1
SDL2.dll,1.4.6,FB8B1BA166913C18EB00F8CA53439D0F4EE54359
sobek.exe,1.4.6,0F289579B0F7071456F549024192D02ED77BD7B0
splash\splash.bmp,1.4.6,030F94832BF5E4772FB99D1E0D57C7DB3768FCA7
splash\splash_editor.bmp,1.4.6,DD6238DE27ADE62437B2FD3B2882E9C43D97068C
steam_api.dll,1.4.6,C4BA8EF91B9F3712E83B54DDF24945E2C7FBED45
swresample-1.dll,1.4.6,F146D373BACCA68C7C4BF5490CCD79E1210FF0B6
swscale-3.dll,1.4.6,086513A34B51CC330C34F667DBF81B2D4A4C9AA5
avcodec-56.dll,1.4.7,7AEC5843CA48118C0F04A0283C958AD5158443C4
avformat-56.dll,1.4.7,48B90667397FDADC6E38801FBD65DBF753BC44F5
avutil-54.dll,1.4.7,B18C894777F8DBDC7C0B10D541B744CF3AAFCA65
game.kpf,1.4.7,6F39C179FD304C169FEEE0BF866517FCBAE9E9D7
libogg-0.dll,1.4.7,3154C99E41FC2760ABCCADCE8152476D60F06041
libvorbis-0.dll,1.4.7,25A2450D5138FEA22688342218DC1D6567F3C15A
libvorbisfile-3.dll,1.4.7,939BDBC844C45A2EB4EE5DB6DA1654407735EEC8
movies\NightDive.avi,1.4.7,AE31374B04F4ADEC0B26B1136CA24F8EECB9D4CE
music\track01.ogg,1.4.7,76015AA27BD278A85E70E68DAD57E292DC845AA1
music\track02.ogg,1.4.7,80EE5C95B5A47B9B8B0574E116F4ECD2EFA1E231
music\track03.ogg,1.4.7,6343040661F64AA0BEC401F9AB46E53FEF85F2CC
music\track04.ogg,1.4.7,8F796643B7D97173079DE00F3C918D9EA0CA8D3C
music\track05.ogg,1.4.7,5874F96D7737ACF081A609860ED3B311A0CC6C98
music\track06.ogg,1.4.7,BE5BE7434C187C476EC2FF0A29DA13EA962F0434
music\track07.ogg,1.4.7,AE4A01B1103847FAB392E7BF8700FE7D546B439C
music\track08.ogg,1.4.7,4DC47A50F2A13B931D196A0A41563E585756D759
music\track09.ogg,1.4.7,4DD38BD04EFFD8EA386014976AC1F6EE98C204F3
music\track10.ogg,1.4.7,E600FE89023E79175A1CB73E2D35A6C8013C81DC
music\track11.ogg,1.4.7,EF22617CDA747E0CF2BA025C23EDBD101476EA47
music\track12.ogg,1.4.7,F270485E28316FCDB7D04AC04D97B6B4983241C4
music\track13.ogg,1.4.7,222D96DADDA213D9E79E16583B3E631822E4452B
music\track14.ogg,1.4.7,1F0F8323797A7D0BECCC0944E17C333E9D564B5F
OpenAL32.dll,1.4.7,FEBC44B139687703100473FC872ADEE339DD79B1
SDL2.dll,1.4.7,FB8B1BA166913C18EB00F8CA53439D0F4EE54359
SDL2_mixer.dll,1.4.7,F9FE16FC6007D49DD0A3758DD7E3D977A22C3346
sobek.exe,1.4.7,8873012C0B30787A4FD1D6349989416550E430F7
splash\dinosmall.bmp,1.4.7,430FCC301BB275B1A19927A233C12605DEFA4663
splash\splash.bmp,1.4.7,030F94832BF5E4772FB99D1E0D57C7DB3768FCA7
splash\splash_editor.bmp,1.4.7,DD6238DE27ADE62437B2FD3B2882E9C43D97068C
splash\Thumbs.db,1.4.7,FAE11A81DFED55EA29ECBBDDE07C7CEC598833EA
steam_api.dll,1.4.7,C4BA8EF91B9F3712E83B54DDF24945E2C7FBED45
swresample-1.dll,1.4.7,F146D373BACCA68C7C4BF5490CCD79E1210FF0B6
swscale-3.dll,1.4.7,086513A34B51CC330C34F667DBF81B2D4A4C9AA5
avcodec-57.dll,2.0.0,536FA7CF79B36417EF322617FC13049215DC46E1
avdevice-57.dll,2.0.0,41B6DFF8602E9179966234F60F583108131FE54C
avfilter-6.dll,2.0.0,88491620CF526A97BDA15B619C1A019817665EA6
avformat-57.dll,2.0.0,B3F23712F827DB91EFC1D7A45F107D34CD90829B
avutil-55.dll,2.0.0,6E3FEE30835C907A957D4D689CA0638D724B1D43
editor.exe,2.0.0,F7FB363571AA18E460FB9BA16A1CFFD8419C8905
game.kpf,2.0.0,A076F7A603DE10B3D01D3435869072BEBD88097A
libogg-0.dll,2.0.0,3154C99E41FC2760ABCCADCE8152476D60F06041
libvorbis-0.dll,2.0.0,25A2450D5138FEA22688342218DC1D6567F3C15A
libvorbisfile-3.dll,2.0.0,939BDBC844C45A2EB4EE5DB6DA1654407735EEC8
movies\NightDive.avi,2.0.0,AE31374B04F4ADEC0B26B1136CA24F8EECB9D4CE
music\pc\track01.ogg,2.0.0,FF0BE4CB99964AFC57FEB834F2A7AF8A14F4DE7C
music\pc\track02.ogg,2.0.0,015D50727215BF6079423468EDEFB4B31CD17FD1
music\pc\track03.ogg,2.0.0,E92FC4F4B580BEE3BA80763B6BB233CD07EA1077
music\pc\track04.ogg,2.0.0,FF3EC9714722B306D18069AAD12C7B932E85B543
music\pc\track05.ogg,2.0.0,9AF9A55DB3852C7FC0B9AD2A935DB535748E876E
music\pc\track07.ogg,2.0.0,615DF1A7C34E6AEACB8829709A7DA9C9B044B012
music\pc\track08.ogg,2.0.0,3FF1E8615B9EEDDE152E5C85C2BB2EB88ADE3917
music\pc\track09.ogg,2.0.0,39C33F4DF65FAE8D5B346BFD295FEDDCD03B257E
music\pc\track10.ogg,2.0.0,E8D612EC25F1E7A09EBB12DC21406A65154CF562
music\pc\track11.ogg,2.0.0,145A2307058296442D130A9732D588E40F55AE0C
music\pc\track12.ogg,2.0.0,0E558694064FFCAFEB5788C6434F7657B1282428
music\pc\track13.ogg,2.0.0,EFA4A5B6AC109BD58DA36E1A743C98F1E1B9CB88
music\pc\track14.ogg,2.0.0,69D0E6BDCC05164352F83F8745AB165E383EF278
music\track01.ogg,2.0.0,76015AA27BD278A85E70E68DAD57E292DC845AA1
music\track02.ogg,2.0.0,80EE5C95B5A47B9B8B0574E116F4ECD2EFA1E231
music\track03.ogg,2.0.0,FD566E77785F1CD20E581E212E46651A88EF8FDD
music\track04.ogg,2.0.0,8F796643B7D97173079DE00F3C918D9EA0CA8D3C
music\track05.ogg,2.0.0,5874F96D7737ACF081A609860ED3B311A0CC6C98
music\track06.ogg,2.0.0,BE5BE7434C187C476EC2FF0A29DA13EA962F0434
music\track07.ogg,2.0.0,D70594AEC266FCEF6C7F37C3DD584B64062CB425
music\track08.ogg,2.0.0,5C37A87FC0FCC2086A155DC1EC0E8E957C97BA11
music\track09.ogg,2.0.0,4DD38BD04EFFD8EA386014976AC1F6EE98C204F3
music\track10.ogg,2.0.0,FE373E2CF31ABB778030411107F8A1FEA8ECFFE2
music\track11.ogg,2.0.0,EF22617CDA747E0CF2BA025C23EDBD101476EA47
music\track12.ogg,2.0.0,F270485E28316FCDB7D04AC04D97B6B4983241C4
music\track13.ogg,2.0.0,222D96DADDA213D9E79E16583B3E631822E4452B
music\track14.ogg,2.0.0,1F0F8323797A7D0BECCC0944E17C333E9D564B5F
OpenAL32.dll,2.0.0,B33C59E506E44C8D79E812794BCDE858772BC6D2
postproc-54.dll,2.0.0,302B834D2820E3DE839698C7FEF189602B7D0FC1
SDL2.dll,2.0.0,FB8B1BA166913C18EB00F8CA53439D0F4EE54359
SDL2_mixer.dll,2.0.0,F9FE16FC6007D49DD0A3758DD7E3D977A22C3346
sobek.exe,2.0.0,25D510F09E13E4627DE1FCB661C4AD6CBDDDA241
splash\dinosmall.bmp,2.0.0,430FCC301BB275B1A19927A233C12605DEFA4663
splash\splash.bmp,2.0.0,030F94832BF5E4772FB99D1E0D57C7DB3768FCA7
splash\splash_editor.bmp,2.0.0,DD6238DE27ADE62437B2FD3B2882E9C43D97068C
steam_api.dll,2.0.0,7ABA06D474175BD0D7F672E101B0A05104580BB1
swresample-2.dll,2.0.0,42225F04314B89253F60230D8D829970EDB200E8
swscale-4.dll,2.0.0,8ED85D68CD6898592F89E4D4FF768853C36DAE9A
avcodec-57.dll,2.0.0 Update #1,536FA7CF79B36417EF322617FC13049215DC46E1
avdevice-57.dll,2.0.0 Update #1,41B6DFF8602E9179966234F60F583108131FE54C
avfilter-6.dll,2.0.0 Update #1,88491620CF526A97BDA15B619C1A019817665EA6
avformat-57.dll,2.0.0 Update #1,B3F23712F827DB91EFC1D7A45F107D34CD90829B
avutil-55.dll,2.0.0 Update #1,6E3FEE30835C907A957D4D689CA0638D724B1D43
game.kpf,2.0.0 Update #1,C71D349D7CA0A5B8A247173D8F7B9D3F5E6AE730
libogg-0.dll,2.0.0 Update #1,3154C99E41FC2760ABCCADCE8152476D60F06041
libvorbis-0.dll,2.0.0 Update #1,25A2450D5138FEA22688342218DC1D6567F3C15A
libvorbisfile-3.dll,2.0.0 Update #1,939BDBC844C45A2EB4EE5DB6DA1654407735EEC8
movies\NightDive.avi,2.0.0 Update #1,AE31374B04F4ADEC0B26B1136CA24F8EECB9D4CE
music\pc\track01.ogg,2.0.0 Update #1,FF0BE4CB99964AFC57FEB834F2A7AF8A14F4DE7C
music\pc\track02.ogg,2.0.0 Update #1,015D50727215BF6079423468EDEFB4B31CD17FD1
music\pc\track03.ogg,2.0.0 Update #1,E92FC4F4B580BEE3BA80763B6BB233CD07EA1077
music\pc\track04.ogg,2.0.0 Update #1,FF3EC9714722B306D18069AAD12C7B932E85B543
music\pc\track05.ogg,2.0.0 Update #1,9AF9A55DB3852C7FC0B9AD2A935DB535748E876E
music\pc\track07.ogg,2.0.0 Update #1,615DF1A7C34E6AEACB8829709A7DA9C9B044B012
music\pc\track08.ogg,2.0.0 Update #1,3FF1E8615B9EEDDE152E5C85C2BB2EB88ADE3917
music\pc\track09.ogg,2.0.0 Update #1,39C33F4DF65FAE8D5B346BFD295FEDDCD03B257E
music\pc\track10.ogg,2.0.0 Update #1,E8D612EC25F1E7A09EBB12DC21406A65154CF562
music\pc\track11.ogg,2.0.0 Update #1,145A2307058296442D130A9732D588E40F55AE0C
music\pc\track12.ogg,2.0.0 Update #1,0E558694064FFCAFEB5788C6434F7657B1282428
music\pc\track13.ogg,2.0.0 Update #1,EFA4A5B6AC109BD58DA36E1A743C98F1E1B9CB88
music\pc\track14.ogg,2.0.0 Update #1,69D0E6BDCC05164352F83F8745AB165E383EF278
music\track01.ogg,2.0.0 Update #1,76015AA27BD278A85E70E68DAD57E292DC845AA1
music\track02.ogg,2.0.0 Update #1,80EE5C95B5A47B9B8B0574E116F4ECD2EFA1E231
music\track03.ogg,2.0.0 Update #1,FD566E77785F1CD20E581E212E46651A88EF8FDD
music\track04.ogg,2.0.0 Update #1,8F796643B7D97173079DE00F3C918D9EA0CA8D3C
music\track05.ogg,2.0.0 Update #1,5874F96D7737ACF081A609860ED3B311A0CC6C98
music\track06.ogg,2.0.0 Update #1,BE5BE7434C187C476EC2FF0A29DA13EA962F0434
music\track07.ogg,2.0.0 Update #1,D70594AEC266FCEF6C7F37C3DD584B64062CB425
music\track08.ogg,2.0.0 Update #1,5C37A87FC0FCC2086A155DC1EC0E8E957C97BA11
music\track09.ogg,2.0.0 Update #1,4DD38BD04EFFD8EA386014976AC1F6EE98C204F3
music\track10.ogg,2.0.0 Update #1,FE373E2CF31ABB778030411107F8A1FEA8ECFFE2
music\track11.ogg,2.0.0 Update #1,EF22617CDA747E0CF2BA025C23EDBD101476EA47
music\track12.ogg,2.0.0 Update #1,F270485E28316FCDB7D04AC04D97B6B4983241C4
music\track13.ogg,2.0.0 Update #1,222D96DADDA213D9E79E16583B3E631822E4452B
music\track14.ogg,2.0.0 Update #1,1F0F8323797A7D0BECCC0944E17C333E9D564B5F
OpenAL32.dll,2.0.0 Update #1,B33C59E506E44C8D79E812794BCDE858772BC6D2
postproc-54.dll,2.0.0 Update #1,302B834D2820E3DE839698C7FEF189602B7D0FC1
SDL2.dll,2.0.0 Update #1,FB8B1BA166913C18EB00F8CA53439D0F4EE54359
SDL2_mixer.dll,2.0.0 Update #1,F9FE16FC6007D49DD0A3758DD7E3D977A22C3346
sobek.exe,2.0.0 Update #1,30C8C2DBF2F2E3F164092C8C22B27C2D324C3741
splash\dinosmall.bmp,2.0.0 Update #1,430FCC301BB275B1A19927A233C12605DEFA4663
splash\splash.bmp,2.0.0 Update #1,030F94832BF5E4772FB99D1E0D57C7DB3768FCA7
splash\splash_editor.bmp,2.0.0 Update #1,DD6238DE27ADE62437B2FD3B2882E9C43D97068C
steam_api.dll,2.0.0 Update #1,07407C1BC2F3114042DBCFE8183B77F73E178BE7
swresample-2.dll,2.0.0 Update #1,42225F04314B89253F60230D8D829970EDB200E8
swscale-4.dll,2.0.0 Update #1,8ED85D68CD6898592F89E4D4FF768853C36DAE9A
game.kpf,2.0.0 Update #1.1,52C750DE3820F27D41ACBA1B81A82C52267C9568
music\pc\track01.ogg,2.0.0 Update #1.1,FF0BE4CB99964AFC57FEB834F2A7AF8A14F4DE7C
music\pc\track02.ogg,2.0.0 Update #1.1,015D50727215BF6079423468EDEFB4B31CD17FD1
music\pc\track03.ogg,2.0.0 Update #1.1,E92FC4F4B580BEE3BA80763B6BB233CD07EA1077
music\pc\track04.ogg,2.0.0 Update #1.1,FF3EC9714722B306D18069AAD12C7B932E85B543
music\pc\track05.ogg,2.0.0 Update #1.1,9AF9A55DB3852C7FC0B9AD2A935DB535748E876E
music\pc\track07.ogg,2.0.0 Update #1.1,615DF1A7C34E6AEACB8829709A7DA9C9B044B012
music\pc\track08.ogg,2.0.0 Update #1.1,3FF1E8615B9EEDDE152E5C85C2BB2EB88ADE3917
music\pc\track09.ogg,2.0.0 Update #1.1,39C33F4DF65FAE8D5B346BFD295FEDDCD03B257E
music\pc\track10.ogg,2.0.0 Update #1.1,E8D612EC25F1E7A09EBB12DC21406A65154CF562
music\pc\track11.ogg,2.0.0 Update #1.1,145A2307058296442D130A9732D588E40F55AE0C
music\pc\track12.ogg,2.0.0 Update #1.1,0E558694064FFCAFEB5788C6434F7657B1282428
music\pc\track13.ogg,2.0.0 Update #1.1,EFA4A5B6AC109BD58DA36E1A743C98F1E1B9CB88
music\pc\track14.ogg,2.0.0 Update #1.1,69D0E6BDCC05164352F83F8745AB165E383EF278
music\track01.ogg,2.0.0 Update #1.1,76015AA27BD278A85E70E68DAD57E292DC845AA1
music\track02.ogg,2.0.0 Update #1.1,80EE5C95B5A47B9B8B0574E116F4ECD2EFA1E231
music\track03.ogg,2.0.0 Update #1.1,FD566E77785F1CD20E581E212E46651A88EF8FDD
music\track04.ogg,2.0.0 Update #1.1,8F796643B7D97173079DE00F3C918D9EA0CA8D3C
music\track05.ogg,2.0.0 Update #1.1,5874F96D7737ACF081A609860ED3B311A0CC6C98
music\track06.ogg,2.0.0 Update #1.1,BE5BE7434C187C476EC2FF0A29DA13EA962F0434
music\track07.ogg,2.0.0 Update #1.1,D70594AEC266FCEF6C7F37C3DD584B64062CB425
music\track08.ogg,2.0.0 Update #1.1,5C37A87FC0FCC2086A155DC1EC0E8E957C97BA11
music\track09.ogg,2.0.0 Update #1.1,4DD38BD04EFFD8EA386014976AC1F6EE98C204F3
music\track10.ogg,2.0.0 Update #1.1,FE373E2CF31ABB778030411107F8A1FEA8ECFFE2
music\track11.ogg,2.0.0 Update #1.1,EF22617CDA747E0CF2BA025C23EDBD101476EA47
music\track12.ogg,2.0.0 Update #1.1,F270485E28316FCDB7D04AC04D97B6B4983241C4
music\track13.ogg,2.0.0 Update #1.1,222D96DADDA213D9E79E16583B3E631822E4452B
music\track14.ogg,2.0.0 Update #1.1,1F0F8323797A7D0BECCC0944E17C333E9D564B5F
